Abueloier,c692fed4bc1641f3926ac31ce7a48ef0
Aldo,0d4bc9c3fb3d4c40a6dd416164e90e22
Alondrissa,7913060e99674bd09b8e10d92a8fcf99
Ashswag,1bb38c4a57874b45bda4cd6230d18e42
Aypierre,1433b22738ac498eb4e81fd3dc260f0f
CameraMan,2aa53952dca34e1489ab12047df83f9c
ChapatiGamer,e0b95c02b2c742e780ec72e07caca78d
CNEWorker,11058eddce814ba785cc02f5fb95cf25
Coco,07882364e78f4302b745e3061a96e923
Colmena,b7e880d9f24b4f42b87b13e6cefd8775
CrystalMolly,1e39efd98b444c6a88a5b1b750da240e
Cucurucho,9cabfa64ad7446dda2028d0dbef5fb8f
Djuncan,299806b39aec425bbaf379dce60e3a03
DonKaaklijn,0880d80b5f67456aa0f81ef30587275f
ElMariana,0b1ea7f4588f43419ed63d60c80319fa
EnzoKnol,72209f7abdba4a58a63832ab50fcf61f
Ewron,6c64a5d64d674abf97d0ded364b38e21
Firusflais,719e14f18a5f4b4fb3935d09dfa19ad4
Fit,59dfb963711d4e06985c7473d2a5f4d4
FNG,3b3c5929a16b436f95ab2b29077f89c0
Foolish,98627b5aa79e4aefb86c2d67b520fd25
Gabepeixe,ed1e189305c24f56a66f3d9ec2d3f5bb
Ghosty,f492ad03607e4d6fbd7de72b8f1789f1
Graf,43fb87bbbae9426a91a6a682c1dc5598
Guard,44bdc0bc4be4401789de68cfd6ca8a47
Haiperexe,24125ac4c1cc43b184a01165848ce144
Ibai,a0536e00e6d7450898c767098d9f5938
JeremyFrieser,b9be27bcae174ad2a3344f501faaaf19
Jschlatt,65922f53187b4b2b854362582fb82531
JuanGuarnizo,3db9b8199c194fc8acca9c1fcaa3e99a
KatieB,d10897f8245e4f76bdaa4ffa298f6fd5
KhatarnakIshan,5813dac85abb4b99bd62d2bf68b006b4
KrzysztofKowalski,411f5ea29d9e41c9aedd25ed14f73874
Leon,63826e1cbd6c46b2bda0b402d6f8a7cf
Luzu,1c347a7b03764f5a96157105b037f407
Madagio,6be064ba3a4f4b2f83b593e13cbc193d
Maximus,ecfdec1e7f294430a64ea808c210e927
Mike,160de7ca2a8241c8a8061640ece9cfdc
Nexe,7a9c58443ba94bb4ad07542b209ba164
Pac,92f26263d27e4b0eaac79d4447f27d5e
Pepino,b45a39ffb4ab4ea9b7b65f74992797a7
Philza,e8197a27cc9b4306ba6a9500f7aff9b4
Pressea,23cb574f0eea41d282f079bc3acd3308
Quackity,987a76246b6f47909bed3b81527dc14d
R0b0T013r,de8195abf8d149b7b07cac95030d3bd3
Ratackity,4d98b68309a34a9198dea1bda25c7382
Robleis,80418b7eaee44f6aa9a80ce1fd699d9c
Roier,0a90e96c1e744ed197923868c421eb7f
SenpaiSpider,9f1fbcfdf6674a35be0a6ae061151545
Shappo,ce990fc0d1ee414a9c5b018c478d4751
Tina,262596447868459c8308f8d626c0e9b1
TommyInnit,e6cb24e450c04f4e8b20eaf7605f0551
Tubbo,26d506081f71461588a479adeedbc64d
Vegetta,5a7ffa44e195412fa171992e765de996
Wichtiger,0efebab44ce74ad5ae10410f1639fcfa
Wuant,558b8e22624a4a1c82aca2136f8f723d
YoungMulti,343a2bcfa31a4cb79ebb12ab624d0d09
